INSERT INTO IOTBAY.USERS (FIRSTNAME, LASTNAME, EMAIL, PASSWORD, PHONENUMBER, STREETNUMBER, STREETNAME, STREETTYPE, SUBURB, "STATE", POSTCODE, COUNTRY)
VALUES('Jack', 'Smith', 'jack.smith@gmail.com', 'Pass1234', 0400000000, 4, 'Victor', 'Street', 'La Ryhor' , 'NSW', 2000, 'Australia'),
('Alison', 'Smith', 'alison.smith@gmail.com', 'Pass1234', 0400000000, 7, 'Corallian', 'Street', 'West Niumru', 'NSW', 2000, 'Australia'),
('Martin', 'Smith', 'martin.smith@gmail.com', 'Pass1234', 0400000000, 6, 'Ings', 'Street', 'West Niumru', 'NSW', 2000, 'Australia'),
('Raphael', 'Smith', 'raphael.smith@gmail.com', 'Pass1234', 0400000000, 2, 'Bow', 'Street', 'Mountdrew', 'NSW', 2000, 'Australia'),
('Edgar', 'Smith', 'edgar.smith@gmail.com', 'Pass1234', 0400000000, 2, 'Hare', 'Street', 'Risskecombe', 'NSW', 2000, 'Australia'),
('Fabian', 'Smith', 'fabian.smith@gmail.com', 'Pass1234', 0400000000, 5, 'Harry', 'Street', 'Risskecombe', 'NSW', 2000, 'Australia'),
('Garfield', 'Smith', 'garfield.smith@gmail.com', 'Pass1234', 0400000000, 8, 'Johnson', 'Street', 'Risskecombe', 'NSW', 2000, 'Australia'),
('John', 'Smith', 'john.smith@gmail.com', 'Pass1234', 0400000000, 8, 'Jack', 'Street', 'Niumru', 'NSW', 2000, 'Australia'),
('Martin', 'Smith', 'martin.smith@gmail.com', 'Pass1234', 0400000000, 9, 'Hare', 'Street', 'East Niumru', 'NSW', 2000, 'Australia'),
('Nadia', 'Jack', 'nadia.jack@gmail.com', 'Pass1234', 0400000000, 2, 'Johnson', 'Street', 'South Niumru', 'NSW', 2000, 'Australia'),
('Wesley', 'Citizen', 'wesley.citizen@gmail.com', 'Pass1234', 0400000000, 2, 'Harry', 'Street', 'South Risskecombe', 'NSW', 2000, 'Australia'),
('Jesse', 'Citizen', 'jesse.citizen@gmail.com', 'Pass1234', 0400000000, 9, 'Bow', 'Street', 'East Risskecombe', 'NSW', 2000, 'Australia'),
('Jacob', 'Citizen', 'jacob.citizen@gmail.com', 'Pass1234', 0400000000, 8, 'Corallian', 'Street', 'West Risskecombe', 'NSW', 2000, 'Australia'),
('Francis', 'Citizen', 'francis.citizen@gmail.com', 'Pass1234', 0400000000, 6, 'Corallian west', 'Street', 'South Risskecombe', 'NSW', 2000, 'Australia'),
('Allen', 'Citizen', 'allen.citizen@gmail.com', 'Pass1234', 0400000000, 4, 'Corallian south', 'Street', 'South Mountdrew', 'NSW', 2000, 'Australia'),
('Glenn', 'Citizen', 'glenn.citizen@gmail.com', 'Pass1234', 0400000000, 1, 'Corallian East', 'Street', 'South Mountdrew', 'NSW', 2000, 'Australia'),
('Mark', 'Citizen', 'mark.citizen@gmail.com', 'Pass1234', 0400000000, 2, 'Corallian', 'Street', 'East Mountdrew', 'NSW', 2000, 'Australia'),
('Mary', 'Citizen', 'mary.citizen@gmail.com', 'Pass1234', 0400000000, 1, 'Ings', 'Street', 'East Risskecombe', 'NSW', 2000, 'Australia'),
('Jean', 'Citizen', 'jean.citizen@gmail.com', 'Pass1234', 0400000000, 8, 'Corallian', 'Street', 'East Risskecombe', 'NSW', 2000, 'Australia'),
('Paul', 'Citizen', 'paul.citizen@gmail.com', 'Pass1234', 0400000000, 6, 'Johnson', 'Street', 'East Johnson', 'NSW', 2000, 'Australia'),
('Mike', 'Citizen', 'mike.citizen@gmail.com', 'Pass1234', 0400000000, 3, 'Jack', 'Street', 'East Mountdrew', 'NSW', 2000, 'Australia'),
('Alison', 'Citizen', 'alison.citizen@gmail.com', 'Pass1234', 0400000000, 33, 'Jack', 'Street', 'Mountdrew', 'NSW', 2000, 'Australia'),
('Emma', 'Citizen', 'emma.citizen@gmail.com', 'Pass1234', 0400000000, 4, 'Ings', 'Street', 'East Mountdrew', 'NSW', 2000, 'Australia'),
('Katya', 'Citizen', 'katya.citizen@gmail.com', 'Pass1234', 0400000000, 5, 'Corallian', 'Street', 'East Niumru', 'NSW', 2000, 'Australia'),
('Robert', 'Citizen', 'robert.citizen@gmail.com', 'Pass1234', 0400000000, 4, 'Harry', 'Street', 'East Risskecombe', 'NSW', 2000, 'Australia'),
('Martin', 'Citizen', 'martin1.citizen@gmail.com', 'Pass1234', 0400000000, 3, 'Corallian', 'Street', 'East Corallian', 'NSW', 2000, 'Australia'),
('Allen', 'Citizen', 'allen1.citizen@gmail.com', 'Pass1234', 0400000000, 1, 'Niumru', 'Street', 'East Niumru', 'NSW', 2000, 'Australia'),
('Jean', 'Citizen', 'jean3.citizen@gmail.com', 'Pass1234', 0400000000, 2, 'Corallian', 'Street', 'East Niumru', 'NSW', 2000, 'Australia'),
('Martin', 'Citizen', 'martin3.citizen@gmail.com', 'Pass1234', 0400000000, 3, 'Pretoria ', 'Street', 'East Selhorn', 'NSW', 2000, 'Australia'),
('Jenson', 'Citizen', 'jenson50.citizen@gmail.com', 'Pass1234', 0400000000, 5, 'Webb', 'Street', 'East Webb', 'NSW', 2000, 'Australia'),
('Adam', 'Citizen', 'adam2.citizen@gmail.com', 'Pass1234', 0400000000, 9, 'Corallian', 'Street', 'East Corallian', 'NSW', 2000, 'Australia'),
('Myles', 'Citizen', 'myles.citizen@gmail.com', 'Pass1234', 0400000000, 8, 'Mountdrew', 'Street', 'South Mountdrew', 'NSW', 2000, 'Australia'),
('Carl', 'Citizen', 'carl.citizen@gmail.com', 'Pass1234', 0400000000, 2, 'Corallian', 'Street', 'South Corallian', 'NSW', 2000, 'Australia'),
('Carlos', 'Citizen', 'carlos.citizen@gmail.com', 'Pass1234', 0400000000, 2, 'Harry', 'Street', 'East Niumru', 'NSW', 2000, 'Australia'),
('Mark', 'Citizen', 'mark88.citizen@gmail.com', 'Pass1234', 0400000000, 2, 'Corallian', 'Street', 'East Corallian', 'NSW', 2000, 'Australia'),
('Myles', 'Smith', 'myles22.smith@gmail.com', 'Pass1234', 0400000000, 2, 'Ings', 'Street', 'East Ings', 'NSW', 2000, 'Australia'),
('Matthew', 'Smith', 'matthew22.smith@gmail.com', 'Pass1234', 0400000000, 6, 'Ings', 'Street', 'East Ings', 'NSW', 2000, 'Australia'),
('Glenn', 'Smith', 'glenn55.smith@gmail.com', 'Pass1234', 0400000000, 6, 'Ings', 'Street', 'East Ings', 'NSW', 2000, 'Australia'),
('Ronnie', 'Citizen', 'ronnie2.citizen@gmail.com', 'Pass1234', 0400000000, 4, 'Selhorn', 'Street', 'East Selhorn', 'NSW', 2000, 'Australia'),
('Adil', 'Citizen', 'adil55.citizen@gmail.com', 'Pass1234', 0400000000, 2, 'Risskecombe', 'Street', 'East Risskecombe', 'NSW', 2000, 'Australia'),
('Martin', 'John', 'martin.john@gmail.com', 'Pass1234', 0400000000, 1, 'Risskecombe', 'Street', 'East Risskecombe', 'NSW', 2000, 'Australia');


INSERT INTO IOTBAY.STAFF (USERID, SITEACCESSLEVEL, DOB) 
VALUES (1, 1, '1998-05-21'),
(2, 1, '1994-02-11'),
(3, 1, '1991-03-01'),
(4, 1, '1990-01-10'),
(5, 1, '1991-08-10'),
(6, 1, '1998-05-21'),
(7, 1, '1993-02-10'),
(8, 1, '1988-04-12'),
(9, 1, '1985-01-29'),
(10, 1, '1988-03-22'),
(11, 1, '1987-08-08'),
(12, 1, '1991-09-23'),
(13, 1, '1998-04-14'),
(14, 1, '1998-02-27'),
(15, 1, '1991-09-09'),
(16, 1, '1998-05-21'),
(17, 1, '1992-01-11'),
(18, 1, '1985-09-24'),
(19, 1, '1979-01-09'),
(19, 1, '1984-08-08');


INSERT INTO IOTBAY.CUSTOMER (USERID, LOYALTYPOINTS)
VALUES (20, 5),
(21, 6),
(22, 3),
(23, 1),
(24, 7),
(25, 5),
(26, 1),
(27, 2),
(28, 3),
(29, 5),
(30, 8),
(31, 6),
(32, 4),
(33, 2),
(34, 2),
(35, 3),
(36, 4),
(37, 7),
(38, 7),
(39, 8),
(40, 3);


INSERT INTO IOTBAY.ACCLOGS (USERID, "ACTION", CURRENT_TIME_STAMP)
VALUES(20, 'Registered', '2021-05-15 13:00:00'),
(21, 'Registered', '2021-05-15 13:00:00'),
(22, 'Registered', '2021-05-15 13:00:00'),
(23, 'Registered', '2021-05-15 13:00:00'),
(24, 'Registered', '2021-05-15 13:00:00'),
(25, 'Registered', '2021-05-15 13:00:00'),
(26, 'Registered', '2021-05-15 13:00:00'),
(27, 'Registered', '2021-05-15 13:00:00'),
(28, 'Registered', '2021-05-15 13:00:00'),
(29, 'Registered', '2021-05-15 13:00:00'),
(30, 'Registered', '2021-05-15 13:00:00'),
(31, 'Registered', '2021-05-15 13:00:00'),
(32, 'Registered', '2021-05-15 13:00:00'),
(33, 'Registered', '2021-05-15 13:00:00'),
(34, 'Registered', '2021-05-15 13:00:00'),
(35, 'Registered', '2021-05-15 13:00:00'),
(36, 'Registered', '2021-05-15 13:00:00'),
(37, 'Registered', '2021-05-15 13:00:00'),
(38, 'Registered', '2021-05-15 13:00:00'),
(39, 'Registered', '2021-05-15 13:00:00'),
(40, 'Registered', '2021-05-15 13:00:00');


INSERT INTO IOTBAY.ORDERS (USERID, ORDERDATE, ORDERSTATUS)
VALUES(20, '2021-05-15', 'Processed'),
(21, '2021-05-15', 'Processed'),
(22, '2021-05-15', 'Processed'),
(23, '2021-05-15', 'Processed'),
(24, '2021-05-15', 'Processed'),
(25, '2021-05-15', 'Processed'),
(26, '2021-05-15', 'Processed'),
(27, '2021-05-15', 'Processed'),
(28, '2021-05-15', 'Processed'),
(29, '2021-05-15', 'Processed'),
(30, '2021-05-15', 'Processed'),
(31, '2021-05-15', 'Processed'),
(32, '2021-05-15', 'Processed'),
(33, '2021-05-15', 'Processed'),
(34, '2021-05-15', 'Processed'),
(35, '2021-05-15', 'Processed'),
(36, '2021-05-15', 'Processed'),
(37, '2021-05-15', 'Processed'),
(38, '2021-05-15', 'Processed'),
(39, '2021-05-15', 'Processed'),
(40, '2021-05-15', 'Processed');


INSERT INTO IOTBAY.ITEM (ITEMID, ITEMSERIALNUMBER, ITEMCATEGORY, ITEMBRAND, ITEMNAME, ITEMIMAGE)
VALUES(1, 1, 'Networking', 'Netgear', 'CM2000', 'CM2000.png'),
(2, 2, 'Networking', 'Netgear', 'DM3000', 'DM3000.png'),
(3, 3, 'Networking', 'Netgear', 'AC2600', 'AC2600.png'),
(4, 4, 'Networking', 'Netgear', 'AX6000', 'AX6000.png'),
(5, 5, 'Networking', 'ASUS', 'GT-AX11000', 'GT-AX11000.png'),
(6, 6, 'Sensors', 'Blueberry', 'HM4000', 'HM4000.png'),
(7, 7, 'Sensors', 'Blueberry', 'GM5000', 'GM5000.png'),
(8, 8, 'Sensors', 'GLOBALSAT', 'LS-113P', 'LS-113P.png'),
(9, 9, 'Sensors', 'LORAWAN', 'LSN50V2-S31', 'LSN50V2-S31.png'),
(10, 10, 'Sensors', 'LORAWAN', 'LSN50-V2', 'LSN50-V2.png'),
(11, 11, 'Mini PC', 'Zotac', 'CI323', 'CI323.png'),
(12, 12, 'Mini PC', 'Zotac', 'CI329', 'CI329.png'),
(13, 13, 'Mini PC', 'Zotac', 'CI662', 'CI662.png'),
(14, 14, 'Mini PC', 'Intel', 'NUC7i7BNH', 'NUC7i7BNH.png'),
(15, 15, 'Mini PC', 'Intel', 'NUC7i7DNHE', 'NUC7i7DNHE.png'),
(16, 16, 'Robotics', 'SPARKFUN', 'REDBOT MAINBOARD', 'REDBOT-MAINBOARD.png'),
(17, 17, 'Robotics', 'CYTRON', 'SPG30-60K', 'SPG30-60K.png'),
(18, 18, 'Robotics', 'EMAX', 'ES08D', 'ES08D.png'),
(19, 19, 'Robotics', 'EMAX', 'ROTARY ENCODER', 'ROTARY-ENCODER.png'),
(20, 20, 'Robotics', 'MIKROELEKTRONIKA', 'DRV8701', 'DRV8701.png');


INSERT INTO IOTBAY.ORDERLINE (ITEMID, ORDERID, QTY)
VALUES(1, 1, 10),
(2, 2, 10),
(3, 3, 10),
(4, 4, 10),
(5, 5, 10),
(6, 6, 10),
(7, 7, 10),
(8, 8, 10),
(9, 9, 10),
(10, 10, 10),
(11, 11, 10),
(12, 12, 10),
(13, 13, 10),
(14, 14, 10),
(15, 15, 10),
(16, 16, 10),
(17, 17, 10),
(18, 18, 10),
(19, 19, 10),
(20, 20, 10);


INSERT INTO IOTBAY.SUPPLIER (SUPPLIERID, SUPPLIERADDRESS, SUPPLIERCONTACT)
VALUES(1, '33 Smith Street Sydney NSW 2000', 0200000000),
(2, '33 Jack Street Sydney NSW 2000', 0200000000),
(3, '33 Mark Street Sydney NSW 2000', 0200000000),
(4, '33 James Street Sydney NSW 2000', 0200000000),
(5, '33 Paul Street Sydney NSW 2000', 0200000000),
(6, '33 Martin Street Sydney NSW 2000', 0200000000),
(7, '33 Oxford Street Sydney NSW 2000', 0200000000),
(8, '33 Brecon Street Sydney NSW 2000', 0200000000),
(9, '33 Yew Street Sydney NSW 2000', 0200000000),
(10, '33 Webb Street Sydney NSW 2000', 0200000000),
(11, '33 kelfield Street Sydney NSW 2000', 0200000000),
(12, '33 Cooper Street Sydney NSW 2000', 0200000000),
(13, '33 Hallman Street Sydney NSW 2000', 0200000000),
(14, '33 Old Street Sydney NSW 2000', 0200000000),
(15, '33 Mill Street Sydney NSW 2000', 0200000000),
(16, '33 Linnet Street Sydney NSW 2000', 0200000000),
(17, '33 Eagle Street Sydney NSW 2000', 0200000000),
(18, '33 Ellis Street Sydney NSW 2000', 0200000000),
(19, '33 Rowley Street Sydney NSW 2000', 0200000000),
(20, '33 Pretoria Street Sydney NSW 2000', 0200000000);


INSERT INTO IOTBAY.CATALOGUE (SUPPLIERID, ITEMID, PARTNAME, ITEMQUANTITY, ITEMPRICE)
VALUES(1, 1, 'Device', 20, 10.00),
(2, 2, 'Device', 20, 10.00),
(3, 3, 'Device', 20, 10.00),
(4, 4, 'Device', 20, 10.00),
(5, 5, 'Device', 20, 10.00),
(6, 6, 'Device', 20, 10.00),
(7, 7, 'Device', 20, 10.00),
(8, 8, 'Device', 20, 10.00),
(9, 9, 'Device', 20, 10.00),
(10, 10, 'Device', 20, 10.00),
(11, 11, 'Device', 20, 10.00),
(12, 12, 'Device', 20, 10.00),
(13, 13, 'Device', 20, 10.00),
(14, 14, 'Device', 20, 10.00),
(15, 15, 'Device', 20, 10.00),
(16, 16, 'Device', 20, 10.00),
(17, 17, 'Device', 20, 10.00),
(18, 18, 'Device', 20, 10.00),
(19, 19, 'Device', 20, 10.00),
(20, 20, 'Device', 20, 10.00);


INSERT INTO IOTBAY.PAYMENTINFO (USERID, CARDHOLDERNAME, CARDNUMBER, CARDEXPIRYDATE, CARDCVC,
STREETNUMBER, STREETNAME, STREETTYPE, SUBURB, "STATE", POSTCODE, COUNTRY, CREDIT, ACTIVE)
VALUES(20, 'Paul Citizen', '5555555555554444', '2023-03-23', 451, 6, 'Johnson', 'Street', 'East Johnson', 'NSW', 2000, 'Australia', 500.00, 'true'),
(21, 'Mike Citizen', '5555555555554444', '2023-03-23', 124, 3, 'Jack', 'Street', 'East Johnson', 'NSW', 2000, 'Australia', 500.00, 'true'),
(22, 'Alison Citizen', '5555555555554444', '2023-03-23', 414, 33, 'Jack', 'Street', 'Mountdrew', 'NSW', 2000, 'Australia', 500.00, 'true'),
(23, 'Emma Citizen', '5555555555554444', '2023-03-23', 114, 4, 'Ings', 'Street', 'East Mountdrew', 'NSW', 2000, 'Australia', 500.00, 'true'),
(24, 'Katya Citizen', '5555555555554444', '2023-03-23', 775, 5, 'Corallian', 'Street', 'East Niumru', 'NSW', 2000, 'Australia', 500.00, 'true'),
(25, 'Robert Citizen', '5555555555554444', '2023-03-23', 114, 4, 'Harry', 'Street', 'East Risskecombe', 'NSW', 2000, 'Australia', 500.00, 'true'),
(26, 'Martin Citizen', '5555555555554444', '2023-03-23', 221, 3, 'Corallian', 'Street', 'East Corallian', 'NSW', 2000, 'Australia', 500.00, 'true'),
(27, 'Allen Citizen', '5555555555554444', '2023-03-23', 124, 1, 'Niumru', 'Street', 'East Niumru', 'NSW', 2000, 'Australia', 500.00, 'true'),
(28, 'Jean Citizen', '5555555555554444', '2023-03-23', 457, 2, 'Corallian', 'Street', 'East Niumru', 'NSW', 2000, 'Australia', 500.00, 'true'),
(29, 'Martin Citizen', '5555555555554444', '2023-03-23', 457, 3, 'Pretoria ', 'Street', 'East Selhorn', 'NSW', 2000, 'Australia', 500.00, 'true'),
(30, 'Jenson Citizen', '5555555555554444', '2023-03-23', 452, 5, 'Webb', 'Street', 'East Webb', 'NSW', 2000, 'Australia', 500.00, 'true'),
(31, 'Adam Citizen', '5555555555554444', '2023-03-23', 128, 9, 'Corallian', 'Street', 'East Corallian', 'NSW', 2000, 'Australia', 500.00, 'true'),
(32, 'Myles Citizen', '5555555555554444', '2023-03-23', 124, 8, 'Mountdrew', 'Street', 'South Mountdrew', 'NSW', 2000, 'Australia', 500.00, 'true'),
(33, 'Carl Citizen', '5555555555554444', '2023-03-23', 123, 2, 'Corallian', 'Street', 'South Corallian', 'NSW', 2000, 'Australia', 500.00, 'true'),
(34, 'Carlos Citizen', '5555555555554444', '2023-03-23', 127, 2, 'Harry', 'Street', 'East Niumru', 'NSW', 2000, 'Australia', 500.00, 'true'),
(35, 'Mark Citizen', '5555555555554444', '2023-03-23', 177, 2, 'Corallian', 'Street', 'East Corallian', 'NSW', 2000, 'Australia', 500.00, 'true'),
(36, 'Myles Smith', '5555555555554444', '2023-03-23', 881, 2, 'Ings', 'Street', 'East Ings', 'NSW', 2000, 'Australia', 500.00, 'true'),
(37, 'Matthew Smith', '5555555555554444', '2023-03-23', 225, 6, 'Ings', 'Street', 'East Ings', 'NSW', 2000, 'Australia', 500.00, 'true'),
(38, 'Glenn Smith', '5555555555554444', '2023-03-23', 775, 6, 'Ings', 'Street', 'East Ings', 'NSW', 2000, 'Australia', 500.00, 'true'),
(39, 'Ronnie Citizen', '5555555555554444', '2023-03-23', 203, 4, 'Selhorn	Street', 'Street', 'East Selhorn', 'NSW', 2000, 'Australia', 500.00, 'true'),
(40, 'Martin John', '5555555555554444', '2023-03-23', 788, 2, 'Risskecombe', 'Street', 'East Risskecombe', 'NSW', 2000, 'Australia', 500.00, 'true');



INSERT INTO IOTBAY.PAYMENT(ORDERID, PAYMENTINFOID, USERID, PAYMENTDATE, PAYMENTAMOUNT)
VALUES(1, 1, 20, '2021-05-17', 10.00),
(2, 2, 21, '2021-05-15', 10.00),
(3, 3, 22, '2021-05-15', 10.00),
(4, 4, 23, '2021-05-15', 10.00),
(5, 5, 24, '2021-05-15', 10.00),
(6, 6, 25, '2021-05-15', 10.00),
(7, 7, 26, '2021-05-15', 10.00),
(8, 8, 27, '2021-05-15', 10.00),
(9, 9, 28, '2021-05-15', 10.00),
(10, 10, 29, '2021-05-15', 10.00),
(11, 11, 30, '2021-05-15', 10.00),
(12, 12, 31, '2021-05-15', 10.00),
(13, 13, 32, '2021-05-15', 10.00),
(14, 14, 33, '2021-05-15', 10.00),
(15, 15, 34, '2021-05-15', 10.00),
(16, 16, 35, '2021-05-15', 10.00),
(17, 17, 36, '2021-05-15', 10.00),
(18, 18, 37, '2021-05-15', 10.00),
(19, 19, 38, '2021-05-15', 10.00),
(20, 20, 39, '2021-05-15', 10.00),
(21, 21, 40, '2021-05-15', 10.00);


INSERT INTO IOTBAY.INVOICE(INVOICEID, PAYMENTID, ISSUEDATE)
VALUES(1, 1, '2021-05-15'),
(2, 2, '2021-05-15'),
(3, 3, '2021-05-15'),
(4, 4, '2021-05-15'),
(5, 5, '2021-05-15'),
(6, 6, '2021-05-15'),
(7, 7, '2021-05-15'),
(8, 8, '2021-05-15'),
(9, 9, '2021-05-15'),
(10, 10, '2021-05-15'),
(11, 11, '2021-05-15'),
(12, 12, '2021-05-15'),
(13, 13, '2021-05-15'),
(14, 14, '2021-05-15'),
(15, 15, '2021-05-15'),
(16, 16, '2021-05-15'),
(17, 17, '2021-05-15'),
(18, 18, '2021-05-15'),
(19, 19, '2021-05-15'),
(20, 20, '2021-05-15');