INSERT INTO IOTBAY.USERS (FIRSTNAME, LASTNAME, EMAIL, PASSWORD, PHONENUMBER, STREETNUMBER, STREETNAME, STREETTYPE, SUBURB, "STATE", POSTCODE, COUNTRY) 
	VALUES ('Nancy', 'Baker', 'nancy@baker.com', 'Catfish123', 412345689, 12, 'Jallo', 'Street', 'Sydney', 'NSW', 2000, 'Australia');
INSERT INTO IOTBAY.USERS (FIRSTNAME, LASTNAME, EMAIL, PASSWORD, PHONENUMBER, STREETNUMBER, STREETNAME, STREETTYPE, SUBURB, "STATE", POSTCODE, COUNTRY) 
	VALUES ('Claudette', 'Malkie', 'testing1@gmail.com', 'Password123', 412345678, 88, 'Lillian', 'Terrace', 'Toughjoyfax', 'NSW', 1015, 'China');
INSERT INTO IOTBAY.USERS (FIRSTNAME, LASTNAME, EMAIL, PASSWORD, PHONENUMBER, STREETNUMBER, STREETNAME, STREETTYPE, SUBURB, "STATE", POSTCODE, COUNTRY) 
	VALUES ('Gavin', 'Cud', 'testing2@gmail.com', 'Password123', 428257399, 536, 'Pine View', 'Pass', 'Gembucket', 'NSW', 1462, 'Namibia');
INSERT INTO IOTBAY.USERS (FIRSTNAME, LASTNAME, EMAIL, PASSWORD, PHONENUMBER, STREETNUMBER, STREETNAME, STREETTYPE, SUBURB, "STATE", POSTCODE, COUNTRY) 
	VALUES ('Gino', 'Ivanovic', 'testing3@gmail.com', 'Password123', 2033564506, 422, 'Kenwood', 'Circle', 'Stim', 'NSW', 2780, 'Indonesia');
INSERT INTO IOTBAY.USERS (FIRSTNAME, LASTNAME, EMAIL, PASSWORD, PHONENUMBER, STREETNUMBER, STREETNAME, STREETTYPE, SUBURB, "STATE", POSTCODE, COUNTRY) 
	VALUES ('Claudette', 'Malkie', 'testing4@gmail.com', 'Password123', 412345678, 88, 'Lillian', 'Terrace', 'Toughjoyfax', 'NSW', 1015, 'China');
INSERT INTO IOTBAY.USERS (FIRSTNAME, LASTNAME, EMAIL, PASSWORD, PHONENUMBER, STREETNUMBER, STREETNAME, STREETTYPE, SUBURB, "STATE", POSTCODE, COUNTRY) 
	VALUES ('Gavin', 'Cud', 'testing5@gmail.com', 'Password123', 428257399, 536, 'Pine View', 'Pass', 'Gembucket', 'NSW', 1462, 'Namibia');
INSERT INTO IOTBAY.USERS (FIRSTNAME, LASTNAME, EMAIL, PASSWORD, PHONENUMBER, STREETNUMBER, STREETNAME, STREETTYPE, SUBURB, "STATE", POSTCODE, COUNTRY) 
	VALUES ('Gino', 'Ivanovic', 'testing6@gmail.com', 'Password123', 2033564506, 422, 'Kenwood', 'Circle', 'Stim', 'NSW', 2780, 'Indonesia');
INSERT INTO IOTBAY.USERS (FIRSTNAME, LASTNAME, EMAIL, PASSWORD, PHONENUMBER, STREETNUMBER, STREETNAME, STREETTYPE, SUBURB, "STATE", POSTCODE, COUNTRY) 
	VALUES ('Nancy', 'Baker', 'testing7@gmail.com', 'Catfish123', 412345689, 12, 'Jallo', 'Street', 'Sydney', 'NSW', 2000, 'Australia');
INSERT INTO IOTBAY.USERS (FIRSTNAME, LASTNAME, EMAIL, PASSWORD, PHONENUMBER, STREETNUMBER, STREETNAME, STREETTYPE, SUBURB, "STATE", POSTCODE, COUNTRY) 
	VALUES ('Claudette', 'Malkie', 'testing8@gmail.com', 'HoDGMiD', 412345678, 88, 'Lillian', 'Terrace', 'Toughjoyfax', 'NSW', 1015, 'China');
INSERT INTO IOTBAY.USERS (FIRSTNAME, LASTNAME, EMAIL, PASSWORD, PHONENUMBER, STREETNUMBER, STREETNAME, STREETTYPE, SUBURB, "STATE", POSTCODE, COUNTRY) 
	VALUES ('Gavin', 'Cud', 'testing9@gmail.com', 'Password123', 428257399, 536, 'Pine View', 'Pass', 'Gembucket', 'NSW', 1462, 'Namibia');
INSERT INTO IOTBAY.USERS (FIRSTNAME, LASTNAME, EMAIL, PASSWORD, PHONENUMBER, STREETNUMBER, STREETNAME, STREETTYPE, SUBURB, "STATE", POSTCODE, COUNTRY) 
	VALUES ('Gino', 'Ivanovic', 'testing10@gmail.com', 'Password123', 2033564506, 422, 'Kenwood', 'Circle', 'Stim', 'NSW', 2780, 'Indonesia');
INSERT INTO IOTBAY.USERS (FIRSTNAME, LASTNAME, EMAIL, PASSWORD, PHONENUMBER, STREETNUMBER, STREETNAME, STREETTYPE, SUBURB, "STATE", POSTCODE, COUNTRY) 
	VALUES ('Claudette', 'Malkie', 'testing11@gmail.com', 'Password123', 412345678, 88, 'Lillian', 'Terrace', 'Toughjoyfax', 'NSW', 1015, 'China');
INSERT INTO IOTBAY.USERS (FIRSTNAME, LASTNAME, EMAIL, PASSWORD, PHONENUMBER, STREETNUMBER, STREETNAME, STREETTYPE, SUBURB, "STATE", POSTCODE, COUNTRY) 
	VALUES ('Gavin', 'Cud', 'testing12@gmail.com', 'Password123', 428257399, 536, 'Pine View', 'Pass', 'Gembucket', 'NSW', 1462, 'Namibia');
INSERT INTO IOTBAY.USERS (FIRSTNAME, LASTNAME, EMAIL, PASSWORD, PHONENUMBER, STREETNUMBER, STREETNAME, STREETTYPE, SUBURB, "STATE", POSTCODE, COUNTRY) 
	VALUES ('Gino', 'Ivanovic', 'testing13@gmail.com', 'Password123', 2033564506, 422, 'Kenwood', 'Circle', 'Stim', 'NSW', 2780, 'Indonesia');
INSERT INTO IOTBAY.USERS (FIRSTNAME, LASTNAME, EMAIL, PASSWORD, PHONENUMBER, STREETNUMBER, STREETNAME, STREETTYPE, SUBURB, "STATE", POSTCODE, COUNTRY) 
	VALUES ('Nancy', 'Baker', 'testing14@gmail.com', 'Catfish123', 412345689, 12, 'Jallo', 'Street', 'Sydney', 'NSW', 2000, 'Australia');
INSERT INTO IOTBAY.USERS (FIRSTNAME, LASTNAME, EMAIL, PASSWORD, PHONENUMBER, STREETNUMBER, STREETNAME, STREETTYPE, SUBURB, "STATE", POSTCODE, COUNTRY) 
	VALUES ('Claudette', 'Malkie', 'testing15@gmail.com', 'Password123', 412345678, 88, 'Lillian', 'Terrace', 'Toughjoyfax', 'NSW', 1015, 'China');
INSERT INTO IOTBAY.USERS (FIRSTNAME, LASTNAME, EMAIL, PASSWORD, PHONENUMBER, STREETNUMBER, STREETNAME, STREETTYPE, SUBURB, "STATE", POSTCODE, COUNTRY) 
	VALUES ('Gavin', 'Cud', 'testing16@gmail.com', 'Password123', 428257399, 536, 'Pine View', 'Pass', 'Gembucket', 'NSW', 1462, 'Namibia');
INSERT INTO IOTBAY.USERS (FIRSTNAME, LASTNAME, EMAIL, PASSWORD, PHONENUMBER, STREETNUMBER, STREETNAME, STREETTYPE, SUBURB, "STATE", POSTCODE, COUNTRY) 
	VALUES ('Gino', 'Ivanovic', 'testing17@gmail.com', 'Password123', 2033564506, 422, 'Kenwood', 'Circle', 'Stim', 'NSW', 2780, 'Indonesia');
INSERT INTO IOTBAY.USERS (FIRSTNAME, LASTNAME, EMAIL, PASSWORD, PHONENUMBER, STREETNUMBER, STREETNAME, STREETTYPE, SUBURB, "STATE", POSTCODE, COUNTRY) 
	VALUES ('Claudette', 'Malkie', 'testing18@gmail.com', 'Password123', 412345678, 88, 'Lillian', 'Terrace', 'Toughjoyfax', 'NSW', 1015, 'China');
INSERT INTO IOTBAY.USERS (FIRSTNAME, LASTNAME, EMAIL, PASSWORD, PHONENUMBER, STREETNUMBER, STREETNAME, STREETTYPE, SUBURB, "STATE", POSTCODE, COUNTRY) 
	VALUES ('Gavin', 'Cud', 'testing19@gmail.com', 'Password123', 428257399, 536, 'Pine View', 'Pass', 'Gembucket', 'NSW', 1462, 'Namibia');

INSERT INTO IOTBAY.SUPPLIER (SUPPLIERID, SUPPLIERADDRESS, SUPPLIERCONTACT) 
	VALUES (2, '101 Smith St, Sydney, NSW', 1);
INSERT INTO IOTBAY.SUPPLIER (SUPPLIERID, SUPPLIERADDRESS, SUPPLIERCONTACT) 
	VALUES (3, '202 Smith Street, Sydney, NSW', 2);
INSERT INTO IOTBAY.SUPPLIER (SUPPLIERID, SUPPLIERADDRESS, SUPPLIERCONTACT) 
	VALUES (1, '10 Smith St, Sydney, NSW', 428257399);
INSERT INTO IOTBAY.SUPPLIER (SUPPLIERID, SUPPLIERADDRESS, SUPPLIERCONTACT) 
	VALUES (4, '10 Smith St, Sydney, NSW', 428257399);
INSERT INTO IOTBAY.SUPPLIER (SUPPLIERID, SUPPLIERADDRESS, SUPPLIERCONTACT) 
	VALUES (5, '101 Smith St, Sydney, NSW', 2033564506);
INSERT INTO IOTBAY.SUPPLIER (SUPPLIERID, SUPPLIERADDRESS, SUPPLIERCONTACT) 
	VALUES (6, '202 Smith Street, Sydney, NSW', 412345689);
INSERT INTO IOTBAY.SUPPLIER (SUPPLIERID, SUPPLIERADDRESS, SUPPLIERCONTACT) 
	VALUES (7, '10 Smith St, Sydney, NSW', 428257399);
INSERT INTO IOTBAY.SUPPLIER (SUPPLIERID, SUPPLIERADDRESS, SUPPLIERCONTACT) 
	VALUES (8, '101 Smith St, Sydney, NSW', 2033564506);
INSERT INTO IOTBAY.SUPPLIER (SUPPLIERID, SUPPLIERADDRESS, SUPPLIERCONTACT) 
	VALUES (9, '202 Smith Street, Sydney, NSW', 412345689);
INSERT INTO IOTBAY.SUPPLIER (SUPPLIERID, SUPPLIERADDRESS, SUPPLIERCONTACT) 
	VALUES (10, '10 Smith St, Sydney, NSW', 428257399);
INSERT INTO IOTBAY.SUPPLIER (SUPPLIERID, SUPPLIERADDRESS, SUPPLIERCONTACT) 
	VALUES (11, '101 Smith St, Sydney, NSW', 2033564506);
INSERT INTO IOTBAY.SUPPLIER (SUPPLIERID, SUPPLIERADDRESS, SUPPLIERCONTACT) 
	VALUES (12, '202 Smith Street, Sydney, NSW', 412345689);
INSERT INTO IOTBAY.SUPPLIER (SUPPLIERID, SUPPLIERADDRESS, SUPPLIERCONTACT) 
	VALUES (13, '10 Smith St, Sydney, NSW', 428257399);
INSERT INTO IOTBAY.SUPPLIER (SUPPLIERID, SUPPLIERADDRESS, SUPPLIERCONTACT) 
	VALUES (14, '101 Smith St, Sydney, NSW', 2033564506);
INSERT INTO IOTBAY.SUPPLIER (SUPPLIERID, SUPPLIERADDRESS, SUPPLIERCONTACT) 
	VALUES (15, '202 Smith Street, Sydney, NSW', 412345689);
INSERT INTO IOTBAY.SUPPLIER (SUPPLIERID, SUPPLIERADDRESS, SUPPLIERCONTACT) 
	VALUES (16, '10 Smith St, Sydney, NSW', 428257399);
INSERT INTO IOTBAY.SUPPLIER (SUPPLIERID, SUPPLIERADDRESS, SUPPLIERCONTACT) 
	VALUES (17, '101 Smith St, Sydney, NSW', 2033564506);
INSERT INTO IOTBAY.SUPPLIER (SUPPLIERID, SUPPLIERADDRESS, SUPPLIERCONTACT) 
	VALUES (18, '202 Smith Street, Sydney, NSW', 412345689);
INSERT INTO IOTBAY.SUPPLIER (SUPPLIERID, SUPPLIERADDRESS, SUPPLIERCONTACT) 
	VALUES (19, '10 Smith St, Sydney, NSW', 428257399);
INSERT INTO IOTBAY.SUPPLIER (SUPPLIERID, SUPPLIERADDRESS, SUPPLIERCONTACT) 
	VALUES (20, '101 Smith St, Sydney, NSW', 2033564506);

INSERT INTO IOTBAY.ITEM (ITEMID, ITEMSERIALNUMBER, ITEMCATEGORY, ITEMBRAND, ITEMNAME, ITEMIMAGE) 
	VALUES (1, 1, 'Modem', 'Netgear', 'CM2000', '1.png');
INSERT INTO IOTBAY.ITEM (ITEMID, ITEMSERIALNUMBER, ITEMCATEGORY, ITEMBRAND, ITEMNAME, ITEMIMAGE) 
	VALUES (2, 2, 'Modem', 'Netgear', 'DM3000', '2.png');
INSERT INTO IOTBAY.ITEM (ITEMID, ITEMSERIALNUMBER, ITEMCATEGORY, ITEMBRAND, ITEMNAME, ITEMIMAGE) 
	VALUES (3, 3, 'Sensor', 'Blueberry', 'HM4000', '3.png');
INSERT INTO IOTBAY.ITEM (ITEMID, ITEMSERIALNUMBER, ITEMCATEGORY, ITEMBRAND, ITEMNAME, ITEMIMAGE) 
	VALUES (4, 4, 'Sensor', 'Blueberry', 'GM5000', '4.png');
INSERT INTO IOTBAY.ITEM (ITEMID, ITEMSERIALNUMBER, ITEMCATEGORY, ITEMBRAND, ITEMNAME, ITEMIMAGE) 
	VALUES (5, 5, 'Networking', 'ASUS', 'GT-AX11000', '1.png');
INSERT INTO IOTBAY.ITEM (ITEMID, ITEMSERIALNUMBER, ITEMCATEGORY, ITEMBRAND, ITEMNAME, ITEMIMAGE) 
	VALUES (6, 6, 'Sensors', 'Blueberry', 'HM4000', '2png');
INSERT INTO IOTBAY.ITEM (ITEMID, ITEMSERIALNUMBER, ITEMCATEGORY, ITEMBRAND, ITEMNAME, ITEMIMAGE) 
	VALUES (7, 7, 'Sensors', 'Blueberry', 'GM5000', '3.png');
INSERT INTO IOTBAY.ITEM (ITEMID, ITEMSERIALNUMBER, ITEMCATEGORY, ITEMBRAND, ITEMNAME, ITEMIMAGE) 
	VALUES (8, 8, 'Sensors', 'GLOBALSAT', 'LS-113P', '4.png');
INSERT INTO IOTBAY.ITEM (ITEMID, ITEMSERIALNUMBER, ITEMCATEGORY, ITEMBRAND, ITEMNAME, ITEMIMAGE) 
	VALUES (9, 9, 'Sensors', 'LORAWAN', 'LSN50V2-S31', '1.png');
INSERT INTO IOTBAY.ITEM (ITEMID, ITEMSERIALNUMBER, ITEMCATEGORY, ITEMBRAND, ITEMNAME, ITEMIMAGE) 
	VALUES (10, 10, 'Sensors', 'LORAWAN', 'LSN50-V2', '2.png');
INSERT INTO IOTBAY.ITEM (ITEMID, ITEMSERIALNUMBER, ITEMCATEGORY, ITEMBRAND, ITEMNAME, ITEMIMAGE) 
	VALUES (11, 11, 'Mini PC', 'Zotac', 'CI323', '3.png');
INSERT INTO IOTBAY.ITEM (ITEMID, ITEMSERIALNUMBER, ITEMCATEGORY, ITEMBRAND, ITEMNAME, ITEMIMAGE) 
	VALUES (12, 12, 'Mini PC', 'Zotac', 'CI329', '4.png');
INSERT INTO IOTBAY.ITEM (ITEMID, ITEMSERIALNUMBER, ITEMCATEGORY, ITEMBRAND, ITEMNAME, ITEMIMAGE) 
	VALUES (13, 13, 'Mini PC', 'Zotac', 'CI662', '1.png');
INSERT INTO IOTBAY.ITEM (ITEMID, ITEMSERIALNUMBER, ITEMCATEGORY, ITEMBRAND, ITEMNAME, ITEMIMAGE) 
	VALUES (14, 14, 'Mini PC', 'Intel', 'NUC7i7BNH', '2.png');
INSERT INTO IOTBAY.ITEM (ITEMID, ITEMSERIALNUMBER, ITEMCATEGORY, ITEMBRAND, ITEMNAME, ITEMIMAGE) 
	VALUES (15, 15, 'Mini PC', 'Intel', 'NUC7i7DNHE', '3.png');
INSERT INTO IOTBAY.ITEM (ITEMID, ITEMSERIALNUMBER, ITEMCATEGORY, ITEMBRAND, ITEMNAME, ITEMIMAGE) 
	VALUES (16, 16, 'Mini PC', 'ASUS', 'eeeBox', '1.png');
INSERT INTO IOTBAY.ITEM (ITEMID, ITEMSERIALNUMBER, ITEMCATEGORY, ITEMBRAND, ITEMNAME, ITEMIMAGE) 
	VALUES (17, 17, 'Mini PC', 'Samsung', 'DEX', '2.png');
INSERT INTO IOTBAY.ITEM (ITEMID, ITEMSERIALNUMBER, ITEMCATEGORY, ITEMBRAND, ITEMNAME, ITEMIMAGE) 
	VALUES (18, 18, 'Modem', 'Netgear', 'HH-00399', '3.png');
INSERT INTO IOTBAY.ITEM (ITEMID, ITEMSERIALNUMBER, ITEMCATEGORY, ITEMBRAND, ITEMNAME, ITEMIMAGE) 
	VALUES (19, 19, 'Modem', 'D-Link', 'GMT4200', '4.png');
INSERT INTO IOTBAY.ITEM (ITEMID, ITEMSERIALNUMBER, ITEMCATEGORY, ITEMBRAND, ITEMNAME, ITEMIMAGE) 
	VALUES (20, 20, 'Modem', 'TP-Link', 'TP892V', '1.png');

INSERT INTO IOTBAY.CATALOGUE (SUPPLIERID, ITEMID, PARTNAME, ITEMQUANTITY, ITEMPRICE) 
    VALUES (2, 1, '', 20, 10.00);
INSERT INTO IOTBAY.CATALOGUE (SUPPLIERID, ITEMID, PARTNAME, ITEMQUANTITY, ITEMPRICE) 
    VALUES (2, 2, '', 20, 10.00);
INSERT INTO IOTBAY.CATALOGUE (SUPPLIERID, ITEMID, PARTNAME, ITEMQUANTITY, ITEMPRICE) 
    VALUES (2, 3, '', 20, 10.00);
INSERT INTO IOTBAY.CATALOGUE (SUPPLIERID, ITEMID, PARTNAME, ITEMQUANTITY, ITEMPRICE) 
    VALUES (2, 4, '', 20, 10.00);
INSERT INTO IOTBAY.CATALOGUE (SUPPLIERID, ITEMID, PARTNAME, ITEMQUANTITY, ITEMPRICE) 
    VALUES (2, 5, '', 20, 10.00);
INSERT INTO IOTBAY.CATALOGUE (SUPPLIERID, ITEMID, PARTNAME, ITEMQUANTITY, ITEMPRICE) 
    VALUES (2, 6, '', 20, 10.00);
INSERT INTO IOTBAY.CATALOGUE (SUPPLIERID, ITEMID, PARTNAME, ITEMQUANTITY, ITEMPRICE) 
    VALUES (2, 7, '', 20, 10.00);
INSERT INTO IOTBAY.CATALOGUE (SUPPLIERID, ITEMID, PARTNAME, ITEMQUANTITY, ITEMPRICE) 
    VALUES (2, 8, '', 20, 10.00);
INSERT INTO IOTBAY.CATALOGUE (SUPPLIERID, ITEMID, PARTNAME, ITEMQUANTITY, ITEMPRICE) 
    VALUES (2, 9, '', 20, 10.00);
INSERT INTO IOTBAY.CATALOGUE (SUPPLIERID, ITEMID, PARTNAME, ITEMQUANTITY, ITEMPRICE) 
    VALUES (2, 10, '', 20, 10.00);
INSERT INTO IOTBAY.CATALOGUE (SUPPLIERID, ITEMID, PARTNAME, ITEMQUANTITY, ITEMPRICE) 
    VALUES (2, 11, '', 20, 10.00);
INSERT INTO IOTBAY.CATALOGUE (SUPPLIERID, ITEMID, PARTNAME, ITEMQUANTITY, ITEMPRICE) 
    VALUES (2, 12, '', 20, 10.00);
INSERT INTO IOTBAY.CATALOGUE (SUPPLIERID, ITEMID, PARTNAME, ITEMQUANTITY, ITEMPRICE) 
    VALUES (2, 13, '', 20, 10.00);
INSERT INTO IOTBAY.CATALOGUE (SUPPLIERID, ITEMID, PARTNAME, ITEMQUANTITY, ITEMPRICE) 
    VALUES (2, 14, '', 20, 10.00);
INSERT INTO IOTBAY.CATALOGUE (SUPPLIERID, ITEMID, PARTNAME, ITEMQUANTITY, ITEMPRICE) 
    VALUES (2, 15, '', 20, 10.00);
INSERT INTO IOTBAY.CATALOGUE (SUPPLIERID, ITEMID, PARTNAME, ITEMQUANTITY, ITEMPRICE) 
    VALUES (2, 16, '', 20, 10.00);
INSERT INTO IOTBAY.CATALOGUE (SUPPLIERID, ITEMID, PARTNAME, ITEMQUANTITY, ITEMPRICE) 
    VALUES (2, 17, '', 20, 10.00);
INSERT INTO IOTBAY.CATALOGUE (SUPPLIERID, ITEMID, PARTNAME, ITEMQUANTITY, ITEMPRICE) 
    VALUES (2, 18, '', 20, 10.00);
INSERT INTO IOTBAY.CATALOGUE (SUPPLIERID, ITEMID, PARTNAME, ITEMQUANTITY, ITEMPRICE) 
    VALUES (2, 19, '', 20, 10.00);
INSERT INTO IOTBAY.CATALOGUE (SUPPLIERID, ITEMID, PARTNAME, ITEMQUANTITY, ITEMPRICE) 
    VALUES (2, 20, '', 20, 10.00);